run_id,escenario,replica,id_costo,dia,dia_campania,tipo_contable,categoria,codigo_pedido,id_asignacion,id_decision,id_contenedor,id_lote,producto,material,circuito,origen,destino,sitio,proveedor,unidad,cantidad,tarifa,importe_usd,id_operacion,alcance,es_incremental,motivo,fecha
E-00-R0,E-00,0,C-0001,1.85,1,CAJA,OUT_DEPOSITO,P-0001,A-0001,P-0001-D1,,L-UREA-01,UREA,MAT_UREA,CIRCUITO_PLANTA,PLANTA_NORTE,TERMINAL_BAHIA,PLANTA_NORTE,PROVEEDOR_1,USD_TN,500.0,12.0,6000.0,OP-0001,PEDIDO,true,,2026-04-01
E-00-R0,E-00,0,C-0002,2.25,2,CAJA,FLETE_CONTENEDOR,P-0001,A-0001,P-0001-D1,,L-UREA-01,UREA,MAT_UREA,CIRCUITO_PLANTA,PLANTA_NORTE,TERMINAL_BAHIA,PLANTA_NORTE,PROVEEDOR_1,USD_CONTENEDOR,20.0,1250.0,25000.0,OP-0002,CONTENEDOR,true,,2026-04-02
E-00-R0,E-00,0,C-0003,2.4,2,CAJA,THC,P-0001,A-0001,P-0001-D1,,L-UREA-01,UREA,MAT_UREA,CIRCUITO_PLANTA,PLANTA_NORTE,TERMINAL_BAHIA,PLANTA_NORTE,PROVEEDOR_1,USD_CONTENEDOR,20.0,190.0,3800.0,OP-0003,CONTENEDOR,true,,2026-04-02
E-00-R0,E-00,0,C-0004,2.4,2,CAJA,COSTO_TERMINAL,P-0001,A-0001,P-0001-D1,,L-UREA-01,UREA,MAT_UREA,CIRCUITO_PLANTA,PLANTA_NORTE,TERMINAL_BAHIA,PLANTA_NORTE,PROVEEDOR_1,USD_CONTENEDOR,20.0,90.0,1800.0,OP-0004,CONTENEDOR,true,,2026-04-02
E-00-R0,E-00,0,C-0005,3.05,3,CAJA,OUT_DEPOSITO,P-0002,A-0002,P-0002-D1,,L-MAP-01,MAP,MAT_MAP,CIRCUITO_DEPOSITO,DEPOSITO_SUR,TERMINAL_BAHIA,DEPOSITO_SUR,PROVEEDOR_1,USD_TN,300.0,12.0,3600.0,OP-0005,PEDIDO,true,,2026-04-03
E-00-R0,E-00,0,C-0006,3.4,3,CAJA,FLETE_CONTENEDOR,P-0002,A-0002,P-0002-D1,,L-MAP-01,MAP,MAT_MAP,CIRCUITO_DEPOSITO,DEPOSITO_SUR,TERMINAL_BAHIA,DEPOSITO_SUR,PROVEEDOR_1,USD_CONTENEDOR,12.0,1180.0,14160.0,OP-0006,CONTENEDOR,true,,2026-04-03
E-00-R0,E-00,0,C-0007,4.1,4,CAJA,THC,P-0002,A-0002,P-0002-D1,,L-MAP-01,MAP,MAT_MAP,CIRCUITO_DEPOSITO,DEPOSITO_SUR,TERMINAL_BAHIA,DEPOSITO_SUR,PROVEEDOR_1,USD_CONTENEDOR,12.0,190.0,2280.0,OP-0007,CONTENEDOR,true,,2026-04-04
E-00-R0,E-00,0,C-0008,4.9,4,CAJA,ALMACENAMIENTO,,,,,L-MAP-01,MAP,MAT_MAP,CIRCUITO_DEPOSITO,DEPOSITO_SUR,DEPOSITO_SUR,DEPOSITO_SUR,PROVEEDOR_1,USD_TN,300.0,1.8,540.0,OP-0008,LOTE,true,,2026-04-04
E-00-R0,E-00,0,C-0009,4.9,4,ECONOMICO,OPORTUNIDAD_FRIO,P-0002,A-0002,P-0002-D1,,L-MAP-01,MAP,MAT_MAP,CIRCUITO_DEPOSITO,DEPOSITO_SUR,TERMINAL_BAHIA,DEPOSITO_SUR,PROVEEDOR_1,USD_TN,25.0,140.0,3500.0,OP-0009,PEDIDO,false,,2026-04-04
